ip,port,rtt
94.103.4.230,443,0.152361
45.78.38.190,443,0.152852
45.78.16.223,443,0.157729
94.103.6.182,443,0.159509
93.179.124.131,443,0.161910
