ip,port,rtt
94.103.4.230,443,0.146240
45.78.38.190,443,0.146843
45.78.16.223,443,0.147109
93.179.124.131,443,0.147136
94.103.6.182,443,0.148349
