ip,port,rtt
45.78.16.223,443,0.152526
93.179.124.131,443,0.156032
94.103.6.182,443,0.157187
94.103.4.230,443,0.157345
45.78.38.190,443,0.158209
