ip,port,rtt
45.78.38.190,443,0.209406
45.78.16.223,443,0.211805
94.103.6.182,443,0.212049
93.179.124.131,443,0.212311
94.103.4.230,443,0.213558
