ip,port,rtt
94.103.4.230,443,0.202459
94.103.6.182,443,0.203886
93.179.124.131,443,0.204530
45.78.16.223,443,0.204561
94.103.4.22,443,0.206067
45.78.38.190,443,0.219891
