ip,port,rtt
94.103.4.230,443,0.154157
45.78.16.223,443,0.154260
93.179.124.131,443,0.155955
94.103.6.182,443,0.160481
45.78.38.190,443,0.160706
