ip,port,rtt
118.107.11.169,8443,0.143106
45.78.35.213,443,0.185378
103.41.65.161,587,0.187630
45.78.33.121,443,0.188023
45.78.27.245,8003,0.188092
117.18.13.110,587,0.188609
103.175.14.144,443,0.284306
