ip,port,rtt
93.179.124.131,443,0.148041
94.103.6.182,443,0.152938
45.78.38.190,443,0.154015
45.78.16.223,443,0.157081
94.103.4.230,443,0.157551
