ip,port,rtt
94.103.4.230,443,0.166938
45.78.38.190,443,0.167162
45.78.16.223,443,0.168511
94.103.6.182,443,0.171200
93.179.124.131,443,0.173102
