ip,port,rtt
93.179.124.131,443,0.158698
94.103.6.182,443,0.162160
45.78.38.190,443,0.164248
94.103.4.230,443,0.170780
