ip,port,rtt
93.179.127.198,443,0.191922
45.78.30.24,443,0.191984
