ip,port,rtt
118.107.11.169,8443,0.159366
103.41.65.161,587,0.196054
45.78.33.121,443,0.201509
103.175.14.144,443,0.204929
