ip,port,rtt
94.103.6.182,443,0.202891
45.78.38.190,443,0.203325
94.103.4.230,443,0.203463
93.179.124.131,443,0.204810
45.78.16.223,443,0.205404
