ip,port,rtt
118.107.11.169,8443,0.163727
45.78.35.213,443,0.200789
117.18.13.110,587,0.201931
45.78.27.245,8003,0.203585
103.41.65.161,587,0.204070
103.175.14.144,443,0.206013
45.78.33.121,443,0.206155
