ip,port,rtt
94.103.6.182,443,0.154897
45.78.38.190,443,0.156736
93.179.124.131,443,0.157321
94.103.4.230,443,0.157326
45.78.16.223,443,0.158466
