ip,port,rtt
45.78.38.190,443,0.157298
93.179.124.131,443,0.157688
94.103.6.182,443,0.157758
94.103.4.22,443,0.158027
94.103.4.230,443,0.158137
45.78.16.223,443,0.158280
