ip,port,rtt
118.107.11.169,8443,0.151716
45.78.27.245,8003,0.204824
103.175.14.144,443,0.224399
