ip,port,rtt
94.103.4.230,443,0.182531
93.179.124.131,443,0.184911
45.78.38.190,443,0.185995
94.103.6.182,443,0.186555
45.78.16.223,443,0.186567
