ip,port,rtt
103.175.14.140,443,0.170566
103.175.15.25,443,0.176105
