ip,port,rtt
94.103.6.182,443,0.190664
45.78.16.223,443,0.195251
45.78.38.190,443,0.195263
94.103.4.230,443,0.197159
93.179.124.131,443,0.200347
