ip,port,rtt
45.78.38.190,443,0.207385
93.179.124.131,443,0.207535
94.103.4.230,443,0.209604
94.103.6.182,443,0.209769
45.78.16.223,443,0.211951
94.103.4.22,443,0.212004
