ip,port,rtt
118.107.11.169,8443,0.159563
45.78.35.213,443,0.195915
45.78.39.105,12345,0.196183
45.78.33.121,443,0.197492
45.78.27.245,8003,0.201576
103.41.65.161,587,0.202542
103.175.14.144,443,0.255248
