ip,port,rtt
103.175.14.140,443,0.157327
103.175.15.25,443,0.287619
