ip,port,rtt
45.78.20.75,9444,0.186743
103.175.14.144,443,0.187145
103.41.65.161,587,0.190172
