ip,port,rtt
118.107.11.169,8443,0.145471
117.18.13.110,587,0.189521
45.78.35.213,443,0.189593
45.78.33.121,443,0.192171
45.78.27.245,8003,0.192173
103.41.65.161,587,0.192525
103.175.14.144,443,0.195691
