ip,port,rtt
93.179.124.131,443,0.185407
94.103.6.182,443,0.185588
45.78.16.223,443,0.185613
45.78.38.190,443,0.185900
94.103.4.230,443,0.188723
