ip,port,rtt
118.107.11.169,8443,0.153791
103.41.65.161,587,0.199167
45.78.27.245,8003,0.202617
103.175.14.144,443,0.205254
45.78.33.121,443,0.207520
