ip,port,rtt
45.78.38.190,443,0.193197
45.78.16.223,443,0.194772
94.103.4.230,443,0.195713
93.179.124.131,443,0.195883
94.103.4.22,443,0.196888
94.103.6.182,443,0.197926
