ip,port,rtt
93.179.124.131,443,0.171357
94.103.4.230,443,0.172519
45.78.38.190,443,0.172673
45.78.16.223,443,0.173298
94.103.6.182,443,0.174320
