ip,port,rtt
38.6.227.105,587,0.055529
118.107.11.169,8443,0.161915
103.175.14.144,443,0.187349
45.78.33.121,443,0.187706
103.41.65.161,587,0.188260
45.78.35.213,443,0.189508
45.78.27.245,8003,0.192121
