ip,port,rtt
45.78.16.223,443,0.181201
94.103.6.182,443,0.181972
45.78.38.190,443,0.183733
94.103.4.230,443,0.185730
93.179.124.131,443,0.185805
