ip,port,rtt
118.107.11.169,8443,0.162706
45.78.33.121,443,0.202967
45.78.27.245,8003,0.205458
103.175.14.144,443,0.211266
