ip,port,rtt
93.179.124.131,443,0.203237
94.103.6.182,443,0.203814
45.78.16.223,443,0.204511
94.103.4.230,443,0.207271
45.78.38.190,443,0.211093
