ip,port,rtt
93.179.124.131,443,0.203090
45.78.38.190,443,0.204568
94.103.6.182,443,0.207708
94.103.4.230,443,0.207776
94.103.4.22,443,0.207944
45.78.16.223,443,0.210615
