ip,port,rtt
94.103.6.182,443,0.157111
93.179.124.131,443,0.157369
45.78.38.190,443,0.157730
94.103.4.230,443,0.158267
45.78.16.223,443,0.160546
