ip,port,rtt
93.179.124.131,443,0.158315
94.103.4.230,443,0.158572
45.78.16.223,443,0.158793
94.103.6.182,443,0.159243
45.78.38.190,443,0.160425
