ip,port,rtt
45.78.16.223,443,0.154895
94.103.6.182,443,0.157386
45.78.38.190,443,0.158003
94.103.4.230,443,0.158330
93.179.124.131,443,0.159067
