ip,port,rtt
94.103.4.230,443,0.187790
94.103.4.22,443,0.194139
94.103.6.182,443,0.195269
45.78.16.223,443,0.195407
45.78.38.190,443,0.195800
94.103.4.160,443,0.199203
