ip,port,rtt
45.78.38.190,443,0.157484
94.103.4.230,443,0.157674
93.179.124.131,443,0.158596
45.78.16.223,443,0.159091
94.103.6.182,443,0.161463
