ip,port,rtt
103.175.14.144,443,0.188040
45.78.20.75,9444,0.189966
103.41.65.161,587,0.195232
