ip,port,rtt
45.78.20.75,9444,0.209865
103.175.14.144,443,0.212043
103.41.65.161,587,0.212924
