ip,port,rtt
118.107.11.169,8443,0.156654
103.175.14.144,443,0.192917
