ip,port,rtt
45.78.16.223,443,0.205863
94.103.4.230,443,0.206494
45.78.38.190,443,0.207843
93.179.124.131,443,0.209537
94.103.6.182,443,0.221075
