ip,port,rtt
103.175.14.144,443,0.211236
45.78.33.121,443,0.212202
