ip,port,rtt
118.107.11.169,8443,0.160218
45.78.33.121,443,0.204962
45.78.27.245,8003,0.205173
103.41.65.161,587,0.206291
45.78.35.213,443,0.206716
103.175.14.144,443,0.231150
