ip,port,rtt
94.103.6.182,443,0.157314
45.78.38.190,443,0.157663
93.179.124.131,443,0.157719
94.103.4.230,443,0.159085
45.78.16.223,443,0.161339
