ip,port,rtt
118.107.11.169,8443,0.105271
103.41.65.161,587,0.152850
