ip,port,rtt
118.107.11.169,8443,0.149799
45.78.27.245,8003,0.189008
103.175.14.144,443,0.189385
