ip,port,rtt
45.78.16.223,443,0.152576
94.103.4.230,443,0.155111
45.78.38.190,443,0.158593
94.103.6.182,443,0.158621
93.179.124.131,443,0.158894
