ip,port,rtt
93.179.124.131,443,0.205966
94.103.6.182,443,0.206823
45.78.16.223,443,0.207739
45.78.38.190,443,0.209659
94.103.4.230,443,0.210482
