ip,port,rtt
38.6.227.105,587,0.040703
118.107.11.169,8443,0.108847
45.78.33.121,443,0.153978
103.175.14.144,443,0.156357
