ip,port,rtt
38.6.227.105,587,0.053735
118.107.11.169,8443,0.169772
45.78.33.121,443,0.199435
45.78.35.213,443,0.210036
45.78.27.245,8003,0.210788
103.175.14.144,443,0.213129
