ip,port,rtt
118.107.11.169,8443,0.108662
45.78.27.245,8003,0.152853
103.41.65.161,587,0.153636
45.78.33.121,443,0.156016
103.175.14.144,443,0.256350
