ip,port,rtt
45.78.16.223,443,0.199556
94.103.4.230,443,0.203698
93.179.124.131,443,0.204304
94.103.6.182,443,0.204547
45.78.38.190,443,0.212870
