ip,port,rtt
94.103.4.230,443,0.154255
45.78.16.223,443,0.157537
45.78.38.190,443,0.157646
93.179.124.131,443,0.157831
94.103.6.182,443,0.159602
