ip,port,rtt
45.78.16.223,443,0.206339
93.179.124.131,443,0.206941
45.78.38.190,443,0.207056
94.103.4.230,443,0.207866
94.103.6.182,443,0.209233
