ip,port,rtt
45.78.16.223,443,0.204518
45.78.38.190,443,0.205104
93.179.124.131,443,0.206396
94.103.4.230,443,0.208456
94.103.6.182,443,0.265317
