ip,port,rtt
118.107.11.169,8443,0.105422
45.78.39.105,12345,0.147873
117.18.13.110,587,0.148242
45.78.27.245,8003,0.148277
103.41.65.161,587,0.148617
45.78.33.121,443,0.148858
45.78.35.213,443,0.151345
103.175.14.144,443,0.151799
