ip,port,rtt
45.78.39.44,8080,0.204161
45.78.31.235,30448,0.204559
