ip,port,rtt
94.103.4.230,443,0.194053
45.78.38.190,443,0.194682
94.103.4.160,443,0.195515
94.103.4.22,443,0.197328
94.103.6.182,443,0.197777
45.78.16.223,443,0.198338
