ip,port,rtt
94.103.4.230,443,0.157369
94.103.6.182,443,0.158138
93.179.124.131,443,0.158565
45.78.38.190,443,0.158566
45.78.16.223,443,0.158602
