ip,port,rtt
93.179.124.131,443,0.153101
45.78.16.223,443,0.153104
45.78.38.190,443,0.156556
94.103.4.230,443,0.160006
94.103.6.182,443,0.160561
