ip,port,rtt
118.107.11.169,8443,0.161466
117.18.13.110,587,0.209343
45.78.33.121,443,0.212247
103.175.14.144,443,0.213364
45.78.27.245,8003,0.215755
103.41.65.161,587,0.215951
45.78.35.213,443,0.216015
