ip,port,rtt
45.78.38.190,443,0.167470
45.78.16.223,443,0.169072
94.103.6.182,443,0.171431
93.179.124.131,443,0.171608
94.103.4.230,443,0.172117
