ip,port,rtt
94.103.4.160,443,0.155729
45.78.16.223,443,0.157447
45.78.38.190,443,0.157531
94.103.6.182,443,0.157967
93.179.124.131,443,0.161433
94.103.4.230,443,0.163117
