ip,port,rtt
93.179.124.131,443,0.152323
45.78.38.190,443,0.152677
94.103.4.230,443,0.157898
94.103.6.182,443,0.160256
94.103.4.22,443,0.160974
45.78.16.223,443,0.161339
