ip,port,rtt
45.78.38.190,443,0.153682
94.103.4.230,443,0.153924
93.179.124.131,443,0.155681
94.103.6.182,443,0.158902
