ip,port,rtt
118.107.11.169,8443,0.165009
45.78.35.213,443,0.203246
45.78.33.121,443,0.203426
103.41.65.161,587,0.203713
117.18.13.110,587,0.204100
103.175.14.144,443,0.207257
