ip,port,rtt
118.107.11.169,8443,0.145180
45.78.27.245,8003,0.184517
103.41.65.161,587,0.185517
117.18.13.110,587,0.187577
45.78.33.121,443,0.187670
45.78.35.213,443,0.189351
103.175.14.144,443,0.190522
