ip,port,rtt
45.78.38.190,443,0.204629
45.78.16.223,443,0.206658
94.103.4.230,443,0.208195
94.103.6.182,443,0.210850
93.179.124.131,443,0.211988
