ip,port,rtt
38.6.227.105,587,0.075683
118.107.11.169,8443,0.169584
45.78.27.245,8003,0.201312
45.78.35.213,443,0.204269
45.78.33.121,443,0.204967
103.175.14.144,443,0.207424
103.41.65.161,587,0.303457
