ip,port,rtt
45.78.16.223,443,0.196824
94.103.4.230,443,0.202491
94.103.6.182,443,0.204520
45.78.38.190,443,0.205150
93.179.124.131,443,0.206205
