ip,port,rtt
118.107.11.169,8443,0.141611
45.78.27.245,8003,0.186957
103.175.14.144,443,0.187329
45.78.33.121,443,0.189281
