ip,port,rtt
45.78.30.24,443,0.153011
45.78.31.235,30448,0.156770
