ip,port,rtt
94.103.4.230,443,0.152219
45.78.38.190,443,0.152473
93.179.124.131,443,0.157569
45.78.16.223,443,0.157628
94.103.6.182,443,0.157976
