ip,port,rtt
94.103.4.230,443,0.153054
45.78.16.223,443,0.154288
94.103.4.22,443,0.157764
93.179.124.131,443,0.158855
45.78.38.190,443,0.159449
94.103.6.182,443,0.161393
