ip,port,rtt
45.78.16.223,443,0.157778
93.179.124.131,443,0.157979
94.103.4.22,443,0.158526
94.103.4.230,443,0.158586
45.78.38.190,443,0.159150
94.103.6.182,443,0.159279
