ip,port,rtt
94.103.6.182,443,0.153077
45.78.16.223,443,0.157791
45.78.38.190,443,0.157940
94.103.4.230,443,0.158078
93.179.124.131,443,0.159845
