ip,port,rtt
94.103.4.22,443,0.184679
45.78.38.190,443,0.184837
94.103.4.230,443,0.184849
93.179.124.131,443,0.186267
45.78.16.223,443,0.187070
94.103.6.182,443,0.189259
