ip,port,rtt
94.103.4.230,443,0.167217
45.78.38.190,443,0.170130
93.179.124.131,443,0.171444
94.103.6.182,443,0.171545
45.78.16.223,443,0.172017
