ip,port,rtt
45.78.38.190,443,0.156935
94.103.4.160,443,0.157571
