ip,port,rtt
45.78.38.190,443,0.153686
94.103.6.182,443,0.156903
94.103.4.230,443,0.160330
93.179.124.131,443,0.160999
