ip,port,rtt
118.107.11.169,8443,0.105170
103.175.14.144,443,0.149953
103.41.65.161,587,0.152448
45.78.33.121,443,0.154711
