ip,port,rtt
45.78.16.223,443,0.195688
93.179.124.131,443,0.196763
94.103.6.182,443,0.199937
94.103.4.230,443,0.203438
45.78.38.190,443,0.203942
