ip,port,rtt
45.78.38.190,443,0.147761
94.103.6.182,443,0.149715
94.103.4.230,443,0.153631
93.179.124.131,443,0.153672
45.78.16.223,443,0.155523
