ip,port,rtt
118.107.11.169,8443,0.144654
103.41.65.161,587,0.189416
103.175.14.144,443,0.190639
