ip,port,rtt
118.107.11.169,8443,0.162228
45.78.39.105,12345,0.205066
45.78.35.213,443,0.205407
103.41.65.161,587,0.205950
117.18.13.110,587,0.206971
45.78.27.245,8003,0.207228
45.78.33.121,443,0.207386
103.175.14.144,443,0.209223
