ip,port,rtt
45.78.31.235,30448,0.191800
45.78.39.44,8080,0.197562
