ip,port,rtt
94.103.4.230,443,0.194219
93.179.124.131,443,0.195052
94.103.6.182,443,0.195346
45.78.38.190,443,0.195833
45.78.16.223,443,0.196867
