ip,port,rtt
45.78.16.223,443,0.180680
94.103.4.230,443,0.184157
45.78.38.190,443,0.185535
93.179.124.131,443,0.186067
94.103.6.182,443,0.189214
