ip,port,rtt
118.107.11.169,8443,0.108778
45.78.35.213,443,0.153096
45.78.33.121,443,0.153421
45.78.27.245,8003,0.154373
103.41.65.161,587,0.154461
45.78.39.105,12345,0.154613
103.175.14.144,443,0.157500
