ip,port,rtt
118.107.11.169,8443,0.156845
117.18.13.110,587,0.201649
45.78.33.121,443,0.201812
103.41.65.161,587,0.205131
45.78.27.245,8003,0.205267
45.78.35.213,443,0.206856
103.175.14.144,443,0.210602
