ip,port,rtt
45.78.38.190,443,0.203374
93.179.124.131,443,0.204020
45.78.16.223,443,0.204114
94.103.4.230,443,0.205668
94.103.6.182,443,0.213789
