ip,port,rtt
45.78.16.223,443,0.167808
45.78.38.190,443,0.170561
93.179.124.131,443,0.171358
94.103.6.182,443,0.172421
94.103.4.230,443,0.172982
