ip,port,rtt
45.78.38.190,443,0.184114
94.103.6.182,443,0.185010
93.179.124.131,443,0.185924
94.103.4.230,443,0.186033
45.78.16.223,443,0.186221
