ip,port,rtt
45.78.38.190,443,0.204212
94.103.4.230,443,0.204608
94.103.6.182,443,0.204761
45.78.16.223,443,0.205121
93.179.124.131,443,0.205330
