ip,port,rtt
94.103.4.230,443,0.166927
45.78.38.190,443,0.167131
45.78.16.223,443,0.167244
93.179.124.131,443,0.170934
94.103.6.182,443,0.171422
