ip,port,rtt
94.103.4.22,443,0.154140
94.103.4.230,443,0.157567
93.179.124.131,443,0.158471
45.78.16.223,443,0.158638
45.78.38.190,443,0.159409
94.103.6.182,443,0.161431
