ip,port,rtt
93.179.124.131,443,0.153376
94.103.6.182,443,0.157738
45.78.16.223,443,0.158166
45.78.38.190,443,0.158982
94.103.4.230,443,0.159107
