ip,port,rtt
45.78.38.190,443,0.145313
94.103.4.230,443,0.146970
93.179.124.131,443,0.152235
94.103.6.182,443,0.152757
45.78.16.223,443,0.159667
