ip,port,rtt
94.103.4.230,443,0.193276
94.103.4.22,443,0.194489
94.103.4.160,443,0.194963
94.103.6.182,443,0.195764
45.78.16.223,443,0.197722
93.179.124.131,443,0.198550
45.78.38.190,443,0.198893
