ip,port,rtt
45.78.38.190,443,0.203534
94.103.4.230,443,0.203802
94.103.6.182,443,0.204214
93.179.124.131,443,0.208872
45.78.16.223,443,0.211529
