ip,port,rtt
38.6.227.105,587,0.031668
118.107.11.169,8443,0.142476
45.78.27.245,8003,0.184869
45.78.35.213,443,0.185616
45.78.33.121,443,0.185709
103.175.14.144,443,0.188086
