ip,port,rtt
94.103.4.22,443,0.184254
94.103.6.182,443,0.184582
45.78.38.190,443,0.184811
93.179.124.131,443,0.185484
94.103.4.160,443,0.185617
45.78.16.223,443,0.186441
94.103.4.230,443,0.186729
