ip,port,rtt
45.78.38.190,443,0.167115
93.179.124.131,443,0.167286
94.103.4.230,443,0.167916
45.78.16.223,443,0.168172
94.103.6.182,443,0.171078
