ip,port,rtt
94.103.6.182,443,0.204802
94.103.4.230,443,0.205482
45.78.16.223,443,0.208024
45.78.38.190,443,0.208569
93.179.124.131,443,0.210373
