ip,port,rtt
45.78.38.190,443,0.207801
45.78.16.223,443,0.208143
93.179.124.131,443,0.208632
94.103.6.182,443,0.208649
94.103.4.230,443,0.209509
