ip,port,rtt
118.107.11.169,8443,0.161338
45.78.33.121,443,0.197230
103.41.65.161,587,0.199199
103.175.14.144,443,0.200373
45.78.27.245,8003,0.203553
