ip,port,rtt
94.103.4.230,443,0.207003
93.179.124.131,443,0.208437
45.78.16.223,443,0.208527
94.103.6.182,443,0.208541
94.103.4.160,443,0.210373
45.78.38.190,443,0.211672
94.103.4.22,443,0.213394
