ip,port,rtt
45.78.20.75,8444,0.193543
45.78.30.24,443,0.195656
