ip,port,rtt
118.107.11.169,8443,0.160229
103.175.14.144,443,0.206914
