ip,port,rtt
199.15.79.66,10325,0.215721
45.78.30.24,443,0.217516
93.179.127.198,443,0.217782
