ip,port,rtt
45.78.33.121,443,0.205598
45.78.23.125,443,0.211567
103.175.14.144,443,0.215032
