ip,port,rtt
103.41.65.161,587,0.208172
45.78.20.75,9444,0.210210
103.175.14.144,443,0.216548
