ip,port,rtt
45.78.38.190,443,0.191665
94.103.4.230,443,0.192358
93.179.124.131,443,0.192912
94.103.6.182,443,0.195304
45.78.16.223,443,0.197400
