ip,port,rtt
94.103.6.182,443,0.192998
45.78.38.190,443,0.195260
94.103.4.230,443,0.196311
45.78.16.223,443,0.196728
93.179.124.131,443,0.198749
