ip,port,rtt
94.103.4.230,443,0.201996
93.179.124.131,443,0.204568
45.78.16.223,443,0.204990
45.78.38.190,443,0.205072
94.103.6.182,443,0.207235
