ip,port,rtt
118.107.11.169,8443,0.159922
103.41.65.161,587,0.201797
45.78.33.121,443,0.204531
45.78.35.213,443,0.205557
103.175.14.144,443,0.207588
45.78.27.245,8003,0.213568
