ip,port,rtt
45.78.38.190,443,0.207753
45.78.16.223,443,0.209132
93.179.124.131,443,0.209535
94.103.6.182,443,0.211437
94.103.4.230,443,0.211612
