ip,port,rtt
118.107.11.169,8443,0.164385
45.78.27.245,8003,0.206027
45.78.33.121,443,0.207169
103.175.14.144,443,0.209531
45.78.35.213,443,0.210372
117.18.13.110,587,0.215904
103.41.65.161,587,0.215930
