ip,port,rtt
94.103.4.230,443,0.207186
45.78.38.190,443,0.207967
93.179.124.131,443,0.208196
94.103.4.160,443,0.208294
94.103.4.22,443,0.208696
45.78.16.223,443,0.209158
94.103.6.182,443,0.217662
