ip,port,rtt
45.78.16.223,443,0.191747
94.103.6.182,443,0.191929
94.103.4.230,443,0.192788
45.78.38.190,443,0.194407
93.179.124.131,443,0.194665
