ip,port,rtt
103.175.14.140,443,0.217658
103.175.15.25,443,0.218489
