ip,port,rtt
45.78.30.24,443,0.211724
45.78.20.75,8444,0.212021
