ip,port,rtt
45.78.16.223,443,0.167711
94.103.4.160,443,0.168671
94.103.6.182,443,0.170876
93.179.124.131,443,0.171146
45.78.38.190,443,0.171829
94.103.4.230,443,0.171845
94.103.4.22,443,0.172163
