ip,port,rtt
94.103.6.182,443,0.155601
45.78.16.223,443,0.155905
45.78.38.190,443,0.157403
93.179.124.131,443,0.158069
94.103.4.230,443,0.159153
