ip,port,rtt
45.78.16.223,443,0.202276
45.78.38.190,443,0.203382
94.103.6.182,443,0.203504
94.103.4.230,443,0.208475
93.179.124.131,443,0.209275
