ip,port,rtt
45.78.16.223,443,0.193205
93.179.124.131,443,0.197315
45.78.38.190,443,0.197346
94.103.4.230,443,0.198226
94.103.4.22,443,0.198905
94.103.6.182,443,0.201521
