ip,port,rtt
45.78.33.121,443,0.208658
103.175.14.144,443,0.212058
