ip,port,rtt
38.6.227.105,587,0.035515
118.107.11.169,8443,0.142837
103.175.14.144,443,0.187921
45.78.33.121,443,0.189434
45.78.35.213,443,0.190047
45.78.27.245,8003,0.192285
