ip,port,rtt
38.6.227.105,587,0.047993
45.78.33.121,443,0.198974
103.175.14.144,443,0.199041
45.78.27.245,8003,0.204657
45.78.35.213,443,0.206047
118.107.11.169,8443,0.215459
