ip,port,rtt
118.107.11.169,8443,0.142765
45.78.33.121,443,0.185568
103.175.14.144,443,0.187762
