ip,port,rtt
94.103.4.22,443,0.156964
93.179.124.131,443,0.157564
45.78.38.190,443,0.157758
94.103.6.182,443,0.158263
94.103.4.230,443,0.158600
45.78.16.223,443,0.160541
