ip,port,rtt
93.179.124.131,443,0.192745
94.103.6.182,443,0.193588
45.78.38.190,443,0.193829
94.103.4.230,443,0.194283
45.78.16.223,443,0.202569
