ip,port,rtt
93.179.124.131,443,0.203693
45.78.38.190,443,0.203869
94.103.6.182,443,0.204048
45.78.16.223,443,0.204487
94.103.4.230,443,0.205238
