ip,port,rtt
94.103.4.160,443,0.207256
94.103.4.22,443,0.207640
94.103.6.182,443,0.208999
45.78.16.223,443,0.209173
93.179.124.131,443,0.213985
94.103.4.230,443,0.215295
45.78.38.190,443,0.219251
