ip,port,rtt
94.103.4.160,443,0.203779
94.103.4.22,443,0.204199
45.78.16.223,443,0.206852
94.103.4.230,443,0.207507
94.103.6.182,443,0.208306
93.179.124.131,443,0.208686
45.78.38.190,443,0.208717
