ip,port,rtt
118.107.11.169,8443,0.145484
45.78.27.245,8003,0.185001
45.78.39.105,12345,0.185045
103.41.65.161,587,0.185244
45.78.35.213,443,0.185487
45.78.33.121,443,0.187715
117.18.13.110,587,0.188045
103.175.14.144,443,0.191629
