ip,port,rtt
118.107.11.169,8443,0.108810
103.41.65.161,587,0.152772
45.78.27.245,8003,0.152782
45.78.33.121,443,0.153205
117.18.13.110,587,0.153359
45.78.35.213,443,0.153421
103.175.14.144,443,0.156662
