ip,port,rtt
38.6.227.105,587,0.035798
118.107.11.169,8443,0.142462
45.78.33.121,443,0.185232
45.78.27.245,8003,0.187472
103.175.14.144,443,0.187974
45.78.35.213,443,0.192429
