ip,port,rtt
93.179.124.131,443,0.181025
94.103.4.230,443,0.181963
45.78.38.190,443,0.184996
94.103.6.182,443,0.186598
45.78.16.223,443,0.187589
