ip,port,rtt
118.107.11.169,8443,0.161045
103.175.14.144,443,0.204728
45.78.33.121,443,0.209931
