ip,port,rtt
118.107.11.169,8443,0.105010
45.78.39.105,12345,0.147096
45.78.27.245,8003,0.147193
103.41.65.161,587,0.147515
45.78.33.121,443,0.147548
103.175.14.144,443,0.151083
45.78.35.213,443,0.153392
