ip,port,rtt
94.103.4.230,443,0.189637
94.103.6.182,443,0.189970
45.78.16.223,443,0.190000
93.179.124.131,443,0.193005
45.78.38.190,443,0.197063
