ip,port,rtt
45.78.16.223,443,0.207749
94.103.4.22,443,0.208055
94.103.6.182,443,0.209472
45.78.38.190,443,0.213517
94.103.4.160,443,0.215253
94.103.4.230,443,0.281013
93.179.124.131,443,0.281977
