ip,port,rtt
93.179.124.131,443,0.157158
94.103.6.182,443,0.157750
94.103.4.230,443,0.157768
45.78.16.223,443,0.158520
45.78.38.190,443,0.159523
