ip,port,rtt
93.179.124.131,443,0.180857
45.78.16.223,443,0.181630
94.103.6.182,443,0.183097
94.103.4.160,443,0.185367
94.103.4.22,443,0.185400
45.78.38.190,443,0.186108
94.103.4.230,443,0.188304
