ip,port,rtt
45.78.38.190,443,0.203054
45.78.16.223,443,0.204642
93.179.124.131,443,0.204871
94.103.6.182,443,0.204899
94.103.4.230,443,0.206227
