ip,port,rtt
118.107.11.169,8443,0.145739
45.78.35.213,443,0.186123
117.18.13.110,587,0.189692
45.78.27.245,8003,0.190159
45.78.33.121,443,0.192421
103.41.65.161,587,0.192787
103.175.14.144,443,0.193201
