ip,port,rtt
94.103.4.230,443,0.181974
94.103.4.22,443,0.184957
94.103.6.182,443,0.185358
93.179.124.131,443,0.185460
45.78.16.223,443,0.185946
45.78.38.190,443,0.187213
94.103.4.160,443,0.187220
