ip,port,rtt
45.78.38.190,443,0.203874
93.179.124.131,443,0.204346
94.103.6.182,443,0.204952
45.78.16.223,443,0.206221
94.103.4.230,443,0.208969
