ip,port,rtt
45.78.39.44,8080,0.200640
45.78.31.235,30448,0.203798
