ip,port,rtt
45.78.30.24,443,0.215133
199.15.79.66,10325,0.219792
