ip,port,rtt
94.103.6.182,443,0.170830
93.179.124.131,443,0.171151
45.78.38.190,443,0.171222
45.78.16.223,443,0.172912
94.103.4.230,443,0.173812
