ip,port,rtt
94.103.6.182,443,0.206905
93.179.124.131,443,0.208083
45.78.38.190,443,0.213408
94.103.4.230,443,0.215314
45.78.16.223,443,0.218192
