ip,port,rtt
118.107.11.169,8443,0.149731
45.78.35.213,443,0.185431
45.78.39.105,12345,0.187306
45.78.33.121,443,0.187562
45.78.27.245,8003,0.187606
103.41.65.161,587,0.187801
117.18.13.110,587,0.188604
103.175.14.144,443,0.191778
