ip,port,rtt
94.103.4.22,443,0.207383
93.179.124.131,443,0.207843
94.103.6.182,443,0.208310
94.103.4.230,443,0.208476
45.78.38.190,443,0.208761
45.78.16.223,443,0.210056
