ip,port,rtt
118.107.11.169,8443,0.105564
103.41.65.161,587,0.152206
103.175.14.144,443,0.156213
