ip,port,rtt
94.103.6.182,443,0.153431
94.103.4.230,443,0.157065
45.78.38.190,443,0.157857
45.78.16.223,443,0.158054
93.179.124.131,443,0.161278
