ip,port,rtt
94.103.4.230,443,0.203331
45.78.38.190,443,0.204279
45.78.16.223,443,0.205551
93.179.124.131,443,0.207559
94.103.6.182,443,0.210688
