ip,port,rtt
45.78.16.223,443,0.203862
94.103.4.22,443,0.205064
94.103.4.230,443,0.205793
45.78.38.190,443,0.207748
93.179.124.131,443,0.207977
94.103.6.182,443,0.208014
