ip,port,rtt
103.175.14.144,443,0.156753
103.41.65.161,587,0.157097
45.78.20.75,9444,0.157615
