ip,port,rtt
45.78.38.190,443,0.153442
94.103.4.22,443,0.157186
45.78.16.223,443,0.157292
94.103.4.230,443,0.157471
93.179.124.131,443,0.157640
94.103.4.160,443,0.158555
94.103.6.182,443,0.158851
